alias,ticker
apple inc,AAPL
apple,AAPL
aapl,AAPL
microsoft corporation,MSFT
microsoft,MSFT
msft,MSFT
nvidia corporation,NVDA
nvidia,NVDA
nvda,NVDA
tesla inc,TSLA
tesla,TSLA
tsla,TSLA
amazon com inc,AMZN
amazon,AMZN
amzn,AMZN
alphabet inc,GOOGL
alphabet,GOOGL
google,GOOGL
googl,GOOGL
meta platforms,META
meta,META
facebook,META
jpmorgan chase,JPM
jpmorgan,JPM
jpm,JPM
exxon mobil,XOM
exxon,XOM
xom,XOM
johnson & johnson,JNJ
johnson and johnson,JNJ
jnj,JNJ
abbvie,ABBV
abbv,ABBV
abbott laboratories,ABT
abbott,ABT
abt,ABT
accenture,ACN
acn,ACN
adobe inc,ADBE
adobe,ADBE
adbe,ADBE
applied materials,AMAT
amat,AMAT
advanced micro devices,AMD
amd,AMD
amgen,AMGN
amgn,AMGN
american tower,AMT
amt,AMT
arista networks,ANET
arista,ANET
anet,ANET
broadcom,AVGO
avgo,AVGO
american express,AXP
amex,AXP
axp,AXP
boeing,BA
ba,BA
bank of america,BAC
bac,BAC
booking holdings,BKNG
booking,BKNG
bkng,BKNG
blackrock,BLK
blk,BLK
bristol myers squibb,BMY
bristol myers,BMY
bmy,BMY
bny mellon,BNY
bny,BNY
berkshire hathaway,BRK-B
berkshire,BRK-B
brk-b,BRK-B
citigroup,C
citi,C
caterpillar,CAT
cat,CAT
comcast,CMCSA
cmcsa,CMCSA
capital one,COF
cof,COF
conocophillips,COP
conoco,COP
cop,COP
costco,COST
cost,COST
salesforce,CRM
crm,CRM
cisco,CSCO
csco,CSCO
cvs health,CVS
cvs,CVS
chevron,CVX
cvx,CVX
deere & company,DE
deere,DE
john deere,DE
dell technologies,DELL
dell,DELL
danaher,DHR
dhr,DHR
walt disney,DIS
disney,DIS
dis,DIS
duke energy,DUK
duk,DUK
emerson electric,EMR
emerson,EMR
emr,EMR
fedex,FDX
fdx,FDX
general dynamics,GD
gd,GD
ge aerospace,GE
general electric,GE
ge vernova,GEV
gev,GEV
gilead sciences,GILD
gilead,GILD
gild,GILD
general motors,GM
gm,GM
goldman sachs,GS
goldman,GS
gs,GS
home depot,HD
hd,HD
ibm,IBM
intel,INTC
intc,INTC
intuit,INTU
intu,INTU
intuitive surgical,ISRG
isrg,ISRG
coca-cola,KO
coca cola,KO
ko,KO
linde,LIN
lin,LIN
eli lilly,LLY
lilly,LLY
lly,LLY
lockheed martin,LMT
lmt,LMT
lowe's,LOW
lowes,LOW
lam research,LRCX
lrcx,LRCX
mastercard,MA
ma,MA
mcdonald's,MCD
mcdonalds,MCD
mcd,MCD
mondelez,MDLZ
mdlz,MDLZ
medtronic,MDT
mdt,MDT
3m,MMM
mmm,MMM
altria,MO
mo,MO
merck,MRK
mrk,MRK
morgan stanley,MS
ms,MS
micron technology,MU
micron,MU
mu,MU
nextera energy,NEE
nextera,NEE
nee,NEE
netflix,NFLX
nflx,NFLX
servicenow,NOW
now,NOW
oracle,ORCL
orcl,ORCL
palo alto networks,PANW
palo alto,PANW
panw,PANW
pepsico,PEP
pepsi,PEP
pep,PEP
pfizer,PFE
pfe,PFE
procter & gamble,PG
procter and gamble,PG
pg,PG
palantir,PLTR
pltr,PLTR
philip morris,PM
pm,PM
qualcomm,QCOM
qcom,QCOM
rtx,RTX
starbucks,SBUX
sbux,SBUX
charles schwab,SCHW
schwab,SCHW
schw,SCHW
sandisk,SNDK
sndk,SNDK
southern company,SO
at&t,T
att,T
thermo fisher,TMO
tmo,TMO
t-mobile,TMUS
tmus,TMUS
texas instruments,TXN
txn,TXN
uber,UBER
unitedhealth,UNH
unh,UNH
union pacific,UNP
unp,UNP
ups,UPS
u.s. bancorp,USB
us bancorp,USB
usb,USB
visa,V
verizon,VZ
vz,VZ
wells fargo,WFC
wfc,WFC
walmart,WMT
wmt,WMT
